{
  "type": "Feature",
  "stac_version": "1.1.0",
  "stac_extensions": [
    "https://stac-extensions.github.io/raster/v1.1.0/schema.json",
    "https://stac-extensions.github.io/eo/v1.1.0/schema.json",
    "https://stac-extensions.github.io/view/v1.0.0/schema.json",
    "https://stac-extensions.github.io/projection/v2.0.0/schema.json",
    "https://landsat.usgs.gov/stac/landsat-extension/v1.1.1/schema.json",
    "https://stac-extensions.github.io/classification/v2.0.0/schema.json",
    "https://stac-extensions.github.io/scientific/v1.0.0/schema.json"
  ],
  "id": "LC09_L2SP_174037_20250814_02_T1",
  "geometry": {
    "type": "Polygon",
    "coordinates": [
      [
        [
          35.03803228145912,
          34.220425879125244
        ],
        [
          34.58317254376918,
          32.496948294760664
        ],
        [
          36.514711836910514,
          32.118968113603266
        ],
        [
          37.00851608032248,
          33.84257139642769
        ],
        [
          35.03803228145912,
          34.220425879125244
        ]
      ]
    ]
  },
  "bbox": [
    34.55018108523246,
    32.102004767910756,
    37.046322695382145,
    34.23195523208924
  ],
  "properties": {
    "datetime": "2025-08-14T08:10:46.424405Z",
    "platform": "landsat-9",
    "eo:cloud_cover": 0.0,
    "proj:code": "EPSG:32636",
    "landsat:wrs_path": "174",
    "landsat:wrs_row": "037",
    "roi:name": "Haifa",
    "roi:index": 2,
    "roi:bbox_wgs84": [
      35.028000000000006,
      32.7526,
      35.097,
      32.8774
    ],
    "local:dn_stats": {
      "red": {
        "dn_min": 7204.0,
        "dn_max": 28263.0,
        "dn_mean": 12361.8017578125,
        "dn_std": 3090.079345703125,
        "dn_count": 104160
      },
      "green": {
        "dn_min": 7792.0,
        "dn_max": 28131.0,
        "dn_mean": 11815.3095703125,
        "dn_std": 2346.755859375,
        "dn_count": 104160
      },
      "blue": {
        "dn_min": 3215.0,
        "dn_max": 27207.0,
        "dn_mean": 10673.798828125,
        "dn_std": 1933.604736328125,
        "dn_count": 104160
      },
      "thermal_dn": {
        "dn_min": 45185.0,
        "dn_max": 50520.0,
        "dn_mean": 45729.83203125,
        "dn_std": 590.19482421875,
        "dn_count": 22025
      }
    },
    "local:thermal_info": {
      "thermal_unit": "DN (ST_B10)"
    }
  },
  "links": [
    {
      "rel": "collection",
      "href": "https://planetarycomputer.microsoft.com/api/stac/v1/collections/landsat-c2-l2",
      "type": "application/json"
    },
    {
      "rel": "parent",
      "href": "https://planetarycomputer.microsoft.com/api/stac/v1/collections/landsat-c2-l2",
      "type": "application/json"
    },
    {
      "rel": "root",
      "href": "https://planetarycomputer.microsoft.com/api/stac/v1",
      "type": "application/json",
      "title": "Microsoft Planetary Computer STAC API"
    },
    {
      "rel": "self",
      "href": "https://planetarycomputer.microsoft.com/api/stac/v1/collections/landsat-c2-l2/items/LC09_L2SP_174037_20250814_02_T1",
      "type": "application/geo+json"
    },
    {
      "rel": "cite-as",
      "href": "https://doi.org/10.5066/P9OGBGM6",
      "title": "Landsat 8-9 OLI/TIRS Collection 2 Level-2"
    },
    {
      "rel": "via",
      "href": "https://landsatlook.usgs.gov/stac-server/collections/landsat-c2l2-sr/items/LC09_L2SP_174037_20250814_20250816_02_T1_SR",
      "type": "application/json",
      "title": "USGS STAC Item"
    },
    {
      "rel": "via",
      "href": "https://landsatlook.usgs.gov/stac-server/collections/landsat-c2l2-st/items/LC09_L2SP_174037_20250814_20250816_02_T1_ST",
      "type": "application/json",
      "title": "USGS STAC Item"
    },
    {
      "rel": "preview",
      "href": "https://planetarycomputer.microsoft.com/api/data/v1/item/map?collection=landsat-c2-l2&item=LC09_L2SP_174037_20250814_02_T1",
      "type": "text/html",
      "title": "Map of item"
    }
  ],
  "assets": {
    "red": {
      "href": "https://landsateuwest.blob.core.windows.net/landsat-c2/level-2/standard/oli-tirs/2025/174/037/LC09_L2SP_174037_20250814_20250816_02_T1/LC09_L2SP_174037_20250814_20250816_02_T1_SR_B4.TIF?st=2026-01-11T08%3A06%3A52Z&se=2026-01-12T08%3A51%3A52Z&sp=rl&sv=2025-07-05&sr=c&skoid=9c8ff44a-6a2c-4dfb-b298-1c9212f64d9a&sktid=72f988bf-86f1-41af-91ab-2d7cd011db47&skt=2026-01-12T03%3A40%3A05Z&ske=2026-01-19T03%3A40%3A05Z&sks=b&skv=2025-07-05&sig=3WKpSwYVcZ%2BH9DyM85UK8/DeqyF4Tq7m8y4HJQJifEM%3D",
      "type": "image/tiff; application=geotiff; profile=cloud-optimized",
      "title": "Red Band",
      "description": "Collection 2 Level-2 Red Band (SR_B4) Surface Reflectance",
      "eo:bands": [
        {
          "name": "OLI_B4",
          "center_wavelength": 0.65,
          "full_width_half_max": 0.04,
          "common_name": "red",
          "description": "Visible red"
        }
      ],
      "raster:bands": [
        {
          "scale": 2.75e-05,
          "nodata": 0,
          "offset": -0.2,
          "data_type": "uint16",
          "spatial_resolution": 30
        }
      ],
      "roles": [
        "data",
        "reflectance"
      ]
    },
    "green": {
      "href": "https://landsateuwest.blob.core.windows.net/landsat-c2/level-2/standard/oli-tirs/2025/174/037/LC09_L2SP_174037_20250814_20250816_02_T1/LC09_L2SP_174037_20250814_20250816_02_T1_SR_B3.TIF?st=2026-01-11T08%3A06%3A52Z&se=2026-01-12T08%3A51%3A52Z&sp=rl&sv=2025-07-05&sr=c&skoid=9c8ff44a-6a2c-4dfb-b298-1c9212f64d9a&sktid=72f988bf-86f1-41af-91ab-2d7cd011db47&skt=2026-01-12T03%3A40%3A05Z&ske=2026-01-19T03%3A40%3A05Z&sks=b&skv=2025-07-05&sig=3WKpSwYVcZ%2BH9DyM85UK8/DeqyF4Tq7m8y4HJQJifEM%3D",
      "type": "image/tiff; application=geotiff; profile=cloud-optimized",
      "title": "Green Band",
      "description": "Collection 2 Level-2 Green Band (SR_B3) Surface Reflectance",
      "eo:bands": [
        {
          "name": "OLI_B3",
          "full_width_half_max": 0.06,
          "common_name": "green",
          "description": "Visible green",
          "center_wavelength": 0.56
        }
      ],
      "raster:bands": [
        {
          "scale": 2.75e-05,
          "nodata": 0,
          "offset": -0.2,
          "data_type": "uint16",
          "spatial_resolution": 30
        }
      ],
      "roles": [
        "data",
        "reflectance"
      ]
    },
    "blue": {
      "href": "https://landsateuwest.blob.core.windows.net/landsat-c2/level-2/standard/oli-tirs/2025/174/037/LC09_L2SP_174037_20250814_20250816_02_T1/LC09_L2SP_174037_20250814_20250816_02_T1_SR_B2.TIF?st=2026-01-11T08%3A06%3A52Z&se=2026-01-12T08%3A51%3A52Z&sp=rl&sv=2025-07-05&sr=c&skoid=9c8ff44a-6a2c-4dfb-b298-1c9212f64d9a&sktid=72f988bf-86f1-41af-91ab-2d7cd011db47&skt=2026-01-12T03%3A40%3A05Z&ske=2026-01-19T03%3A40%3A05Z&sks=b&skv=2025-07-05&sig=3WKpSwYVcZ%2BH9DyM85UK8/DeqyF4Tq7m8y4HJQJifEM%3D",
      "type": "image/tiff; application=geotiff; profile=cloud-optimized",
      "title": "Blue Band",
      "description": "Collection 2 Level-2 Blue Band (SR_B2) Surface Reflectance",
      "eo:bands": [
        {
          "name": "OLI_B2",
          "center_wavelength": 0.48,
          "full_width_half_max": 0.06,
          "common_name": "blue",
          "description": "Visible blue"
        }
      ],
      "raster:bands": [
        {
          "scale": 2.75e-05,
          "nodata": 0,
          "offset": -0.2,
          "data_type": "uint16",
          "spatial_resolution": 30
        }
      ],
      "roles": [
        "data",
        "reflectance"
      ]
    },
    "lwir11": {
      "href": "https://landsateuwest.blob.core.windows.net/landsat-c2/level-2/standard/oli-tirs/2025/174/037/LC09_L2SP_174037_20250814_20250816_02_T1/LC09_L2SP_174037_20250814_20250816_02_T1_ST_B10.TIF?st=2026-01-11T08%3A06%3A52Z&se=2026-01-12T08%3A51%3A52Z&sp=rl&sv=2025-07-05&sr=c&skoid=9c8ff44a-6a2c-4dfb-b298-1c9212f64d9a&sktid=72f988bf-86f1-41af-91ab-2d7cd011db47&skt=2026-01-12T03%3A40%3A05Z&ske=2026-01-19T03%3A40%3A05Z&sks=b&skv=2025-07-05&sig=3WKpSwYVcZ%2BH9DyM85UK8/DeqyF4Tq7m8y4HJQJifEM%3D",
      "type": "image/tiff; application=geotiff; profile=cloud-optimized",
      "title": "Surface Temperature Band",
      "description": "Collection 2 Level-2 Thermal Infrared Band (ST_B10) Surface Temperature",
      "gsd": 100,
      "eo:bands": [
        {
          "name": "TIRS_B10",
          "common_name": "lwir11",
          "description": "Long-wave infrared",
          "center_wavelength": 10.9,
          "full_width_half_max": 0.59
        }
      ],
      "raster:bands": [
        {
          "unit": "kelvin",
          "scale": 0.00341802,
          "nodata": 0,
          "offset": 149.0,
          "data_type": "uint16",
          "spatial_resolution": 30
        }
      ],
      "roles": [
        "data",
        "temperature"
      ]
    },
    "mtl.json": {
      "href": "https://landsateuwest.blob.core.windows.net/landsat-c2/level-2/standard/oli-tirs/2025/174/037/LC09_L2SP_174037_20250814_20250816_02_T1/LC09_L2SP_174037_20250814_20250816_02_T1_MTL.json?st=2026-01-11T08%3A06%3A52Z&se=2026-01-12T08%3A51%3A52Z&sp=rl&sv=2025-07-05&sr=c&skoid=9c8ff44a-6a2c-4dfb-b298-1c9212f64d9a&sktid=72f988bf-86f1-41af-91ab-2d7cd011db47&skt=2026-01-12T03%3A40%3A05Z&ske=2026-01-19T03%3A40%3A05Z&sks=b&skv=2025-07-05&sig=3WKpSwYVcZ%2BH9DyM85UK8/DeqyF4Tq7m8y4HJQJifEM%3D",
      "type": "application/json",
      "title": "Product Metadata File (json)",
      "description": "Collection 2 Level-2 Product Metadata File (json)",
      "roles": [
        "metadata"
      ]
    },
    "mtl.txt": {
      "href": "https://landsateuwest.blob.core.windows.net/landsat-c2/level-2/standard/oli-tirs/2025/174/037/LC09_L2SP_174037_20250814_20250816_02_T1/LC09_L2SP_174037_20250814_20250816_02_T1_MTL.txt?st=2026-01-11T08%3A06%3A52Z&se=2026-01-12T08%3A51%3A52Z&sp=rl&sv=2025-07-05&sr=c&skoid=9c8ff44a-6a2c-4dfb-b298-1c9212f64d9a&sktid=72f988bf-86f1-41af-91ab-2d7cd011db47&skt=2026-01-12T03%3A40%3A05Z&ske=2026-01-19T03%3A40%3A05Z&sks=b&skv=2025-07-05&sig=3WKpSwYVcZ%2BH9DyM85UK8/DeqyF4Tq7m8y4HJQJifEM%3D",
      "type": "text/plain",
      "title": "Product Metadata File (txt)",
      "description": "Collection 2 Level-2 Product Metadata File (txt)",
      "roles": [
        "metadata"
      ]
    },
    "ang": {
      "href": "https://landsateuwest.blob.core.windows.net/landsat-c2/level-2/standard/oli-tirs/2025/174/037/LC09_L2SP_174037_20250814_20250816_02_T1/LC09_L2SP_174037_20250814_20250816_02_T1_ANG.txt?st=2026-01-11T08%3A06%3A52Z&se=2026-01-12T08%3A51%3A52Z&sp=rl&sv=2025-07-05&sr=c&skoid=9c8ff44a-6a2c-4dfb-b298-1c9212f64d9a&sktid=72f988bf-86f1-41af-91ab-2d7cd011db47&skt=2026-01-12T03%3A40%3A05Z&ske=2026-01-19T03%3A40%3A05Z&sks=b&skv=2025-07-05&sig=3WKpSwYVcZ%2BH9DyM85UK8/DeqyF4Tq7m8y4HJQJifEM%3D",
      "type": "text/plain",
      "title": "Angle Coefficients File",
      "description": "Collection 2 Level-1 Angle Coefficients File",
      "roles": [
        "metadata"
      ]
    }
  },
  "collection": "landsat-c2-l2"
}