region,sub_index,item_id,cloud,datetime,folder
Haifa,1,LC08_L2SP_174037_20250619_02_T1,0.0,2025-06-19T08:10:23.082394Z,Israel_9Regions_Samples_NEW\Haifa\sub_1_LC08_L2SP_174037_20250619_02_T1
Haifa,2,LC09_L2SP_174037_20250814_02_T1,0.0,2025-08-14T08:10:46.424405Z,Israel_9Regions_Samples_NEW\Haifa\sub_2_LC09_L2SP_174037_20250814_02_T1
TelAviv,1,LC09_L2SP_174038_20250814_02_T1,0.0,2025-08-14T08:11:10.319657Z,Israel_9Regions_Samples_NEW\TelAviv\sub_1_LC09_L2SP_174038_20250814_02_T1
TelAviv,2,LC09_L2SP_174038_20250627_02_T1,0.01,2025-06-27T08:10:47.855848Z,Israel_9Regions_Samples_NEW\TelAviv\sub_2_LC09_L2SP_174038_20250627_02_T1
Jerusalem,1,LC08_L2SP_174038_20250619_02_T1,0.03,2025-06-19T08:10:46.973435Z,Israel_9Regions_Samples_NEW\Jerusalem\sub_1_LC08_L2SP_174038_20250619_02_T1
Jerusalem,2,LC08_L2SP_174038_20250705_02_T1,0.09,2025-07-05T08:10:52.067194Z,Israel_9Regions_Samples_NEW\Jerusalem\sub_2_LC08_L2SP_174038_20250705_02_T1
BeerSheva,1,LC09_L2SP_174039_20250713_02_T1,0.0,2025-07-13T08:11:15.355625Z,Israel_9Regions_Samples_NEW\BeerSheva\sub_1_LC09_L2SP_174039_20250713_02_T1
BeerSheva,2,LC08_L2SP_174039_20250721_02_T1,0.0,2025-07-21T08:11:22.105579Z,Israel_9Regions_Samples_NEW\BeerSheva\sub_2_LC08_L2SP_174039_20250721_02_T1
Eilat,1,LC08_L2SP_174040_20250705_02_T1,0.0,2025-07-05T08:11:39.861984Z,Israel_9Regions_Samples_NEW\Eilat\sub_1_LC08_L2SP_174040_20250705_02_T1
Eilat,2,LC09_L2SP_174040_20250713_02_T1,0.0,2025-07-13T08:11:39.246641Z,Israel_9Regions_Samples_NEW\Eilat\sub_2_LC09_L2SP_174040_20250713_02_T1
Nazareth,1,LC08_L2SP_174037_20250923_02_T1,0.01,2025-09-23T08:10:56.586077Z,Israel_9Regions_Samples_NEW\Nazareth\sub_1_LC08_L2SP_174037_20250923_02_T1
Nazareth,2,LC08_L2SP_174037_20250705_02_T1,0.14,2025-07-05T08:10:28.176155Z,Israel_9Regions_Samples_NEW\Nazareth\sub_2_LC08_L2SP_174037_20250705_02_T1
Tiberias,1,LC08_L2SP_174037_20250331_02_T1,0.23,2025-03-31T08:10:22.058485Z,Israel_9Regions_Samples_NEW\Tiberias\sub_1_LC08_L2SP_174037_20250331_02_T1
Tiberias,2,LC09_L2SP_174037_20251017_02_T1,0.37,2025-10-17T08:11:05.248680Z,Israel_9Regions_Samples_NEW\Tiberias\sub_2_LC09_L2SP_174037_20251017_02_T1
Ashdod,1,LC08_L2SP_175038_20250525_02_T1,0.23,2025-05-25T08:16:45.086256Z,Israel_9Regions_Samples_NEW\Ashdod\sub_1_LC08_L2SP_175038_20250525_02_T1
Ashdod,2,LC08_L2SP_175038_20250813_02_T1,0.32,2025-08-13T08:17:18.951988Z,Israel_9Regions_Samples_NEW\Ashdod\sub_2_LC08_L2SP_175038_20250813_02_T1
Golan,1,LC08_L2SP_174037_20251025_02_T1,0.59,2025-10-25T08:10:56.787257Z,Israel_9Regions_Samples_NEW\Golan\sub_1_LC08_L2SP_174037_20251025_02_T1
Golan,2,LC08_L2SP_174037_20250315_02_T1,0.67,2025-03-15T08:10:29.160648Z,Israel_9Regions_Samples_NEW\Golan\sub_2_LC08_L2SP_174037_20250315_02_T1
